{"took":2,"timed_out":false,"_shards":{"total":1,"successful":1,"skipped":0,"failed":0},"hits":{"total":{"value":5,"relation":"eq"},"max_score":0.6931472,"hits":[{"_index":"rally-races-2020-08","_type":"_doc","_id":"1f2b2cc6-3035-4aa9-980b-b8d182299a86","_score":0.6931472,"_source":{"rally-version":"2.0.0","rally-revision":null,"environment":"local","race-id":"1f2b2cc6-3035-4aa9-980b-b8d182299a86","race-timestamp":"20200805T162302Z","pipeline":"benchmark-only","user-tags":{"track_name":"baseline","tournament_id":"l-pwrcdfu897nqfc6cku3z7638x"},"track":"baseline","car":["external"],"cluster":{"revision":"fe6cb20","distribution-version":"7.2.1","distribution-flavor":"oss","team-revision":null},"results":{"op_metrics":[{"task":"feeder","operation":"feeder","throughput":{"min":77.56791687011719,"mean":78.74649293210025,"median":78.77528381347656,"max":80.42889404296875,"unit":"ops/s"},"latency":{"50_0":146.24204074504172,"90_0":251.17213336497258,"99_0":1047.7418489002046,"99_9":2049.742797851579,"99_99":3244.022412108976,"100_0":3751.53466796875,"mean":191.77847905231926,"unit":"ms"},"service_time":{"50_0":146.2453665505305,"90_0":251.24363326947787,"99_0":1048.301180594308,"99_9":2049.742797851579,"99_99":3244.022412108976,"100_0":3751.53466796875,"mean":191.77847905231926,"unit":"ms"},"processing_time":{"50_0":147.51492437204163,"90_0":252.35011502177525,"99_0":1049.686802455357,"99_9":2050.7152099609534,"99_99":3245.0179687496,"100_0":3752.531982421875,"mean":193.23495542975033,"unit":"ms"},"error_rate":0.0}],"total_time":2887276,"total_time_per_shard":{"min":120229,"median":214411.0,"max":513339,"unit":"ms"},"indexing_throttle_time":0,"indexing_throttle_time_per_shard":{"min":0,"median":0.0,"max":0,"unit":"ms"},"merge_time":123915,"merge_time_per_shard":{"min":4784,"median":12089.5,"max":24663,"unit":"ms"},"merge_count":62,"refresh_time":119320,"refresh_time_per_shard":{"min":8935,"median":11095.0,"max":16962,"unit":"ms"},"refresh_count":182,"flush_time":78056,"flush_time_per_shard":{"min":1113,"median":4909.5,"max":28313,"unit":"ms"},"flush_count":54,"merge_throttle_time":0,"merge_throttle_time_per_shard":{"min":0,"median":0.0,"max":0,"unit":"ms"},"ml_processing_time":[],"young_gc_time":761,"old_gc_time":0,"memory_segments":3125092.0,"memory_doc_values":496308.0,"memory_terms":2231265.0,"memory_norms":72576.0,"memory_points":71079.0,"memory_stored_fields":253864.0,"store_size":1969905443,"translog_size":11617326765,"segment_count":81}}},{"_index":"rally-races-2020-08","_type":"_doc","_id":"d5488eec-61a8-4bda-b3a9-d50b71d593c0","_score":0.6931472,"_source":{"rally-version":"2.0.0","rally-revision":null,"environment":"local","race-id":"d5488eec-61a8-4bda-b3a9-d50b71d593c0","race-timestamp":"20200805T163611Z","pipeline":"benchmark-only","user-tags":{"track_name":"no_data","tournament_id":"l-pwrcdfu897nqfc6cku3z7638x"},"track":"no_data","car":["external"],"cluster":{"revision":"fe6cb20","distribution-version":"7.2.1","distribution-flavor":"oss","team-revision":null},"results":{"op_metrics":[{"task":"feeder","operation":"feeder","throughput":{"min":849.697021484375,"mean":922.5535665372523,"median":928.9560546875,"max":939.8993530273438,"unit":"ops/s"},"latency":{"50_0":14.471878572008503,"90_0":19.05586333292249,"99_0":31.528085390726726,"99_9":92.83300781250075,"99_99":2120.964575195285,"100_0":5235.6904296875,"mean":15.673239602257224,"unit":"ms"},"service_time":{"50_0":14.47204067126109,"90_0":19.055787476378214,"99_0":31.53545437437115,"99_9":92.83300781250075,"99_99":2120.964575195285,"100_0":5235.6904296875,"mean":15.673239602257224,"unit":"ms"},"processing_time":{"50_0":15.41582991933962,"90_0":20.449551226218052,"99_0":35.54076932481498,"99_9":93.7624664306648,"99_99":2121.9792724609088,"100_0":5237.3125,"mean":16.798760597327178,"unit":"ms"},"error_rate":0.0}],"total_time":131095,"total_time_per_shard":{"min":6276,"median":11664.0,"max":21874,"unit":"ms"},"indexing_throttle_time":0,"indexing_throttle_time_per_shard":{"min":0,"median":0.0,"max":0,"unit":"ms"},"merge_time":0,"merge_time_per_shard":{"min":0,"median":0.0,"max":0,"unit":"ms"},"merge_count":0,"refresh_time":103782,"refresh_time_per_shard":{"min":4205,"median":7067.0,"max":19373,"unit":"ms"},"refresh_count":38,"flush_time":0,"flush_time_per_shard":{"min":0,"median":0.0,"max":0,"unit":"ms"},"flush_count":0,"merge_throttle_time":0,"merge_throttle_time_per_shard":{"min":0,"median":0.0,"max":0,"unit":"ms"},"ml_processing_time":[],"young_gc_time":1136,"old_gc_time":0,"memory_segments":205374.0,"memory_doc_values":10188.0,"memory_terms":51638.0,"memory_norms":0.0,"memory_points":25908.0,"memory_stored_fields":117640.0,"store_size":297470324,"translog_size":2193003190,"segment_count":37}}},{"_index":"rally-races-2020-08","_type":"_doc","_id":"f28cc03c-0efb-46bf-9c85-0beab8165db4","_score":0.6931472,"_source":{"rally-version":"2.0.0","rally-revision":null,"environment":"local","race-id":"f28cc03c-0efb-46bf-9c85-0beab8165db4","race-timestamp":"20200805T163811Z","pipeline":"benchmark-only","user-tags":{"track_name":"only_ids","tournament_id":"l-pwrcdfu897nqfc6cku3z7638x"},"track":"only_ids","car":["external"],"cluster":{"revision":"fe6cb20","distribution-version":"7.2.1","distribution-flavor":"oss","team-revision":null},"results":{"op_metrics":[{"task":"feeder","operation":"feeder","throughput":{"min":500.5660705566406,"mean":605.6239546518477,"median":637.161865234375,"max":681.2916259765625,"unit":"ops/s"},"latency":{"50_0":20.755441763477034,"90_0":27.935605756077003,"99_0":84.64596176147461,"99_9":4226.72021484387,"99_99":4657.448242186326,"100_0":5754.04345703125,"mean":31.754991497278212,"unit":"ms"},"service_time":{"50_0":20.755441763477034,"90_0":27.93558541899617,"99_0":84.64596176147461,"99_9":4226.72021484387,"99_99":4657.448242186326,"100_0":5754.04345703125,"mean":31.754991497278212,"unit":"ms"},"processing_time":{"50_0":21.857586132428885,"90_0":29.627852565282346,"99_0":86.41801621573313,"99_9":4227.54296875012,"99_99":4658.243261717575,"100_0":5754.8349609375,"mean":33.17682312623192,"unit":"ms"},"error_rate":0.0}],"total_time":249410,"total_time_per_shard":{"min":10209,"median":21203.5,"max":51806,"unit":"ms"},"indexing_throttle_time":0,"indexing_throttle_time_per_shard":{"min":0,"median":0.0,"max":0,"unit":"ms"},"merge_time":0,"merge_time_per_shard":{"min":0,"median":0.0,"max":0,"unit":"ms"},"merge_count":0,"refresh_time":94657,"refresh_time_per_shard":{"min":2876,"median":7243.0,"max":18705,"unit":"ms"},"refresh_count":40,"flush_time":0,"flush_time_per_shard":{"min":0,"median":0.0,"max":0,"unit":"ms"},"flush_count":0,"merge_throttle_time":0,"merge_throttle_time_per_shard":{"min":0,"median":0.0,"max":0,"unit":"ms"},"ml_processing_time":[],"young_gc_time":1763,"old_gc_time":0,"memory_segments":511435.0,"memory_doc_values":18792.0,"memory_terms":182226.0,"memory_norms":0.0,"memory_points":26001.0,"memory_stored_fields":284416.0,"store_size":468660510,"translog_size":5589606160,"segment_count":58}}},{"_index":"rally-races-2020-08","_type":"_doc","_id":"ea0f9523-ab21-4e42-8e2c-be858cc0e35d","_score":0.6931472,"_source":{"rally-version":"2.0.0","rally-revision":null,"environment":"local","race-id":"ea0f9523-ab21-4e42-8e2c-be858cc0e35d","race-timestamp":"20200805T164042Z","pipeline":"benchmark-only","user-tags":{"track_name":"only_offers","tournament_id":"l-pwrcdfu897nqfc6cku3z7638x"},"track":"only_offers","car":["external"],"cluster":{"revision":"fe6cb20","distribution-version":"7.2.1","distribution-flavor":"oss","team-revision":null},"results":{"op_metrics":[{"task":"feeder","operation":"feeder","throughput":{"min":98.97501373291016,"mean":102.10406837034762,"median":101.0761604309082,"max":109.27155303955078,"unit":"ops/s"},"latency":{"50_0":126.43718497605886,"90_0":192.05721686103078,"99_0":1051.8395317925347,"99_9":1799.4960327148508,"99_99":2666.7438476561833,"100_0":3626.354736328125,"mean":163.35815308868183,"unit":"ms"},"service_time":{"50_0":126.43735895712517,